SJIS,TRANSLATOR,ASCII
召喚師,[SMMNR],Summoner
リングヴァル家,[HSRNGVLD],House Ringvald
モーティア家,[HSMRTA],House Mortia
ゴヴァンの魔石,[GVNSDMNSTN],Govan's Demon Stone
召喚獣,[SMMNBST],Summon Beast
幻龍鬼,[PHNTMDRGN],Phantom Dragon
鍛冶師,[CRFTKNGHT],Craftknight
ばーむ,[BOAM],Boam
キッカの実,[KCKRBRRY],Kicker Berry
道具屋,[TLSHP],Toolshop
トラマタ,[TRMT],Forked Tiger
牢,[JAIL],Jail
魔晶柱,[DMNPLLR],Demon Crystal Pillar
召喚石,[SMMNSTN],Summon Stone
アカバネ,[RDWNG],Red Wing
金の派閥,[GLDCNCL],Gold Council/Party
マテル,[SHPSTN],Shapestone
